"Subject","Trial","EnglishName","Language","SpanishName","logRT"
"112",2,"mailbox","English","buzón",6.69332366826995
"112",3,"moon","English","luna",6.4150969591716
"112",4,"thumb","English","dedo",6.43615036836943
"112",5,"unicycle","English","monociclo",6.80572255341699
"112",6,"wolf","English","lobo",6.55819780281227
"112",7,"helmet","English","casco",6.51323011091231
"112",8,"shoe","English","zapato",6.4118182677099
"112",9,"railroadtracks","English","vías",6.64898455002478
"112",10,"tree","English","árbol",6.4150969591716
"112",11,"knife","English","cuchillo",6.39526159811545
"112",12,"flag","English","bandera",6.60800062529609
"112",14,"basket","English","canasta",6.4118182677099
"112",16,"pencil","English","lápiz",6.47850964220857
"112",18,"bone","English","hueso",6.4723462945009
"112",19,"arm","English","brazo",6.46614472423762
"112",20,"ladder","English","escalera",6.84481547920826
"112",21,"well","English","pozo",6.7093043402583
"112",22,"safe","English","caja fuerte",6.5694814204143
"112",23,"ear","English","oreja",7.09837563859079
"112",25,"bear","English","oso",6.52356230614951
"112",27,"beard","English","barba",6.67582322163485
"112",28,"wagon","English","carrito",7.47022413589997
"112",29,"mixer","English","batidora",6.65027904858742
"112",31,"belt","English","cinturón",6.58063913728495
"112",32,"bowl","English","plato",6.58063913728495
"112",35,"dog","English","perro",7.36707705988101
"112",38,"church","English","iglesia",7.21081845347222
"112",40,"apple","English","manzana",6.88346258641309
"112",41,"glove","English","güante",6.75809450442773
"112",42,"whale","English","ballena",6.76157276880406
"112",43,"nose","English","naríz",6.59441345974978
"112",44,"house","English","casa",6.60665018619822
"112",45,"airplane","English","avión",6.86797440897029
"112",46,"king","English","rey",6.69950034016168
"112",49,"backpack","English","mochila",6.65672652417839
"112",50,"woman","English","mujer",6.83410873881384
"112",51,"heart","English","corazón",6.6052979209482
"112",53,"bed","English","cama",6.72503364216684
"112",57,"bell","English","campana",6.45833828334479
"112",58,"carrot","English","zanahoria",6.68461172766793
"112",59,"barbecue","English","asador",6.74051935960622
"112",62,"turkey","English","pavo",6.83625927727707
"112",64,"vacuum","English","aspiradora",6.74523634948436
"112",65,"sewing machine","English","máquina de coser",7.34018683532012
"112",66,"safetypin","English","seguro",6.97354301952014
"112",68,"bandaid","English","curita",6.55250788703459
"112",70,"lightswitch","English","apagador",6.52209279817015
"112",71,"broom","English","escoba",6.44094654063292
"108",1,"flag","English","bandera",7.34858753092759
"108",2,"knife","English","cuchillo",7.08002649992259
"108",3,"unicycle","English","monociclo",7.23777819192344
"108",4,"heart","English","corazón",6.92559519711047
"108",5,"railroadtracks","English","vías",7.09174211509515
"108",7,"well","English","pozo",7.23993259132047
"108",8,"ladder","English","escalera",7.56060116276856
"108",9,"church","English","iglesia",7.13009851012558
"108",10,"glove","English","güante",7.16006920759613
"108",12,"airplane","English","avión",6.93634273583405
"108",13,"bed","English","cama",6.77650699237218
"108",14,"lightswitch","English","apagador",6.92853781816467
"108",16,"wolf","English","lobo",6.77078942390898
"108",17,"arm","English","brazo",6.68336094576627
"108",20,"ear","English","oreja",7.14045304310116
"108",21,"belt","English","cinturón",6.85435450225502
"108",24,"bell","English","campana",6.78671695060508
"108",26,"backpack","English","mochila",7.15539630189673
"108",27,"nose","English","naríz",6.81783057145415
"108",30,"mailbox","English","buzón",7.60290046220476
"108",31,"mixer","English","batidora",7.04577657687951
"108",38,"wagon","English","carrito",7.55642796944025
"108",40,"basket","English","canasta",7.09589322109753
"108",42,"moon","English","luna",7.10987946307227
"108",43,"dog","English","perro",6.76272950693188
"108",45,"dresser","English","buró",7.92479591395644
"108",46,"whale","English","ballena",6.99942246750796
"108",47,"bandaid","English","curita",6.63068338564237
"108",48,"bear","English","oso",7.2841348061952
"108",50,"tree","English","árbol",7.53849499941346
"108",51,"woman","English","mujer",7.18311170174328
"108",53,"turkey","English","pavo",7.31455283232408
"108",54,"sewing machine","English","máquina de coser",7.01031186730723
"108",55,"apple","English","manzana",6.93828448401696
"108",59,"safe","English","caja fuerte",7.028201432058
"108",60,"shoe","English","zapato",6.7202201551353
"108",61,"helmet","English","casco",6.7696419768525
"108",62,"house","English","casa",6.82546003625531
"108",64,"carrot","English","zanahoria",7.32317071794347
"108",65,"barbecue","English","asador",7.16780918431644
"108",70,"thumb","English","dedo",6.85751406254539
"108",71,"bowl","English","plato",6.87729607149743
"108",73,"bone","English","hueso",6.99117688712121
"108",74,"pencil","English","lápiz",7.44600149832412
"108",75,"broom","English","escoba",7.12044437239249
"109",2,"house","English","casa",6.84906628263346
"109",3,"railroadtracks","English","vías",6.96696713861398
"109",5,"vacuum","English","aspiradora",7.22766249872865
"109",6,"dresser","English","buró",6.75110146893676
"109",7,"wagon","English","carrito",6.72142570079064
"109",9,"church","English","iglesia",6.74051935960622
"109",11,"woman","English","mujer",6.63594655568665
"109",14,"airplane","English","avión",6.93244789157251
"109",17,"turkey","English","pavo",7.40427911803727
"109",18,"flag","English","bandera",6.62539236800796
"109",19,"bowl","English","plato",6.53378883793334
"109",22,"bone","English","hueso",6.5510803350434
"109",23,"unicycle","English","monociclo",6.80461452006262
"109",26,"safe","English","caja fuerte",6.70808408385307
"109",27,"ladder","English","escalera",6.76041469108343
"109",28,"pencil","English","lápiz",6.4118182677099
"109",31,"mixer","English","batidora",6.82219739062049
"109",32,"king","English","rey",6.65157187358973
"109",33,"sewing machine","English","máquina de coser",6.89264164117209
"109",34,"ear","English","oreja",6.72503364216684
"109",36,"heart","English","corazón",6.5792512120101
"109",37,"bear","English","oso",7.00124562206948
"109",38,"carrot","English","zanahoria",6.5875500148248
"109",41,"broom","English","escoba",6.63463335786169
"109",43,"bell","English","campana",6.53524127101366
"109",44,"dog","English","perro",6.46769872610435
"109",45,"basket","English","canasta",6.71295620067707
"109",48,"belt","English","cinturón",6.69826805411541
"109",49,"helmet","English","casco",6.64248680136726
"109",52,"whale","English","ballena",6.75227037614174
"109",53,"backpack","English","mochila",6.79234442747081
"109",54,"tree","English","árbol",6.73696695800186
"109",55,"apple","English","manzana",7.18311170174328
"109",59,"arm","English","brazo",6.54678541076052
"109",60,"knife","English","cuchillo",6.880384082186
"109",61,"nose","English","naríz",6.59304453414244
"109",63,"bed","English","cama",6.53524127101366
"109",64,"well","English","pozo",6.61338421837956
"109",67,"beard","English","barba",6.72383244082121
"109",68,"lightswitch","English","apagador",7.05272104923232
"109",69,"barbecue","English","asador",6.92755790627832
"109",70,"thumb","English","dedo",6.97447891102505
"109",71,"bandaid","English","curita",7.08506429395255
"109",75,"shoe","English","zapato",6.74051935960622
"110",1,"bone","English","hueso",7.9287663216267
"110",2,"airplane","English","avión",6.83410873881384
"110",3,"king","English","rey",6.77536609093639
"110",4,"barbecue","English","asador",6.74875954749168
"110",6,"apple","English","manzana",6.69579891705849
"110",8,"sewing machine","English","máquina de coser",6.99668148817654
"110",9,"mailbox","English","buzón",7.19743535409659
"110",10,"helmet","English","casco",6.8134445995109
"110",11,"shoe","English","zapato",6.98656645940643
"110",12,"well","English","pozo",6.7093043402583
"110",13,"ear","English","oreja",6.89568269774787
"110",17,"arm","English","brazo",7.17011954344963
"110",19,"bandaid","English","curita",6.61740297797448
"110",20,"bed","English","cama",6.87935580446044
"110",22,"basket","English","canasta",6.61069604471776
"110",23,"moon","English","luna",7.17242457712485
"110",26,"railroadtracks","English","vías",6.77422388635761
"110",27,"beard","English","barba",6.69084227741856
"110",29,"wolf","English","lobo",7.76937860951398
"110",32,"church","English","iglesia",7.39387829010776
"110",33,"backpack","English","mochila",6.59441345974978
"110",36,"tree","English","árbol",6.59441345974978
"110",38,"dog","English","perro",6.70441435496411
"110",39,"nose","English","naríz",6.6631326959908
"110",40,"knife","English","cuchillo",6.72262979485545
"110",42,"safetypin","English","seguro",6.86484777797086
"110",44,"woman","English","mujer",6.94793706861497
"110",47,"turkey","English","pavo",6.62539236800796
"110",48,"ladder","English","escalera",6.68586094706836
"110",49,"carrot","English","zanahoria",6.65544035036765
"110",50,"bell","English","campana",6.65027904858742
"110",51,"thumb","English","dedo",6.65415252018322
"110",52,"flag","English","bandera",6.65672652417839
"110",53,"heart","English","corazón",6.54965074223381
"110",58,"pencil","English","lápiz",6.54534966033442
"110",61,"mixer","English","batidora",7.01211529430638
"110",62,"bowl","English","plato",7.05703698169789
"110",64,"lightswitch","English","apagador",6.7900972355139
"110",67,"belt","English","cinturón",6.67834211465433
"110",68,"bear","English","oso",6.62936325343745
"110",69,"house","English","casa",6.58892647753352
"110",71,"whale","English","ballena",6.82762923450285
"110",72,"safe","English","caja fuerte",6.90274273715859
"110",73,"vacuum","English","aspiradora",7.87739718635329
"110",74,"broom","English","escoba",6.68586094706836
"111",1,"moon","English","luna",6.86380339145295
"111",2,"airplane","English","avión",6.64639051484773
"111",3,"arm","English","brazo",6.79794041297493
"111",5,"beard","English","barba",6.80572255341699
"111",6,"bear","English","oso",6.78897174299217
"111",7,"belt","English","cinturón",6.91075078796194
"111",9,"barbecue","English","asador",7.24494154633701
"111",10,"dresser","English","buró",6.91968384984741
"111",11,"helmet","English","casco",6.78445706263764
"111",14,"lightswitch","English","apagador",7.13886699994552
"111",17,"house","English","casa",7.0833878476253
"111",20,"shoe","English","zapato",7.60190195987517
"111",21,"bell","English","campana",6.72262979485545
"111",22,"vacuum","English","aspiradora",6.83195356556585
"111",23,"carrot","English","zanahoria",6.79570577517351
"111",24,"basket","English","canasta",6.78219205600679
"111",25,"safetypin","English","seguro",7.6275443904885
"111",26,"knife","English","cuchillo",7.04577657687951
"111",27,"glove","English","güante",6.9037472575846
"111",31,"woman","English","mujer",7.79110951061003
"111",32,"king","English","rey",7.01571242048723
"111",36,"dog","English","perro",7.2086003379602
"111",37,"apple","English","manzana",7.42237370098682
"111",39,"bone","English","hueso",7.02731451403978
"111",40,"bowl","English","plato",7.20191631753163
"111",41,"backpack","English","mochila",7.06219163228656
"111",45,"whale","English","ballena",7.05358572719368
"111",46,"plug","English","enchufe",7.93773177526011
"111",48,"ear","English","oreja",6.84587987526405
"111",49,"well","English","pozo",6.89669433162271
"111",50,"flag","English","bandera",7.70930833338587
"111",54,"bandaid","English","curita",6.85646198459459
"111",55,"mailbox","English","buzón",7.26192709270275
"111",56,"wolf","English","lobo",7.63482067774554
"111",58,"broom","English","escoba",7.9672801789422
"111",60,"nose","English","naríz",7.13568734702814
"111",61,"turkey","English","pavo",7.30787278076371
"111",62,"ladder","English","escalera",6.78784498230958
"111",65,"unicycle","English","monociclo",7.18841273649695
"111",66,"pencil","English","lápiz",6.82437367004309
"111",67,"tree","English","árbol",6.78219205600679
"111",68,"church","English","iglesia",7.49331724886215
"111",72,"thumb","English","dedo",6.89871453432999
"111",75,"bed","English","cama",7.08757370555797
"113",1,"ear","English","oreja",6.87626461189077
"113",8,"turkey","English","pavo",7.45182223652793
"113",9,"king","English","rey",6.85856503479136
"113",10,"flag","English","bandera",7.34923082461333
"113",11,"safe","English","caja fuerte",7.09920174355309
"113",12,"backpack","English","mochila",6.68835471394676
"113",13,"whale","English","ballena",6.62406522779989
"113",15,"house","English","casa",6.66440902035041
"113",16,"moon","English","luna",6.91174730025167
"113",17,"bone","English","hueso",6.67834211465433
"113",19,"bowl","English","plato",6.84694313958538
"113",20,"safetypin","English","seguro",7.03966034986208
"113",23,"carrot","English","zanahoria",6.78897174299217
"113",24,"airplane","English","avión",7.78945456608667
"113",26,"mailbox","English","buzón",7.06561336359772
"113",27,"wolf","English","lobo",8.51338595307328
"113",29,"railroadtracks","English","vías",8.37632063253482
"113",32,"plug","English","enchufe",7.14519613499717
"113",34,"wagon","English","carrito",6.65415252018322
"113",35,"barbecue","English","asador",6.91473089271856
"113",38,"beard","English","barba",8.15421269491423
"113",40,"mixer","English","batidora",7.72090525193678
"113",41,"church","English","iglesia",6.83840520084734
"113",43,"ladder","English","escalera",6.91671502035361
"113",47,"bed","English","cama",7.0825485693553
"113",48,"knife","English","cuchillo",7.41336733569524
"113",49,"pencil","English","lápiz",6.82871207164168
"113",51,"shoe","English","zapato",6.82328612235569
"113",52,"woman","English","mujer",7.4599147662411
"113",53,"heart","English","corazón",7.02375895473844
"113",54,"glove","English","güante",7.10906213568717
"113",55,"thumb","English","dedo",6.81124437860129
"113",59,"dog","English","perro",6.95463886488099
"113",61,"bandaid","English","curita",7.40913644392013
"113",62,"helmet","English","casco",8.04302088529828
"113",63,"broom","English","escoba",7.08506429395255
"113",64,"bell","English","campana",7.36201055125973
"113",65,"apple","English","manzana",6.54678541076052
"113",66,"basket","English","canasta",6.75110146893676
"113",68,"nose","English","naríz",6.65157187358973
"113",70,"bear","English","oso",6.92165818415113
"113",71,"lightswitch","English","apagador",7.02019070831193
"113",72,"sewing machine","English","máquina de coser",8.35819745992578
"113",73,"arm","English","brazo",6.74993119378857
"113",74,"unicycle","English","monociclo",8.29079434738136
"113",75,"tree","English","árbol",7.71690613529839
"114",1,"thumb","English","dedo",6.98193467715639
"114",2,"belt","English","cinturón",6.46925031679577
"114",4,"dog","English","perro",7.15695636461564
"114",5,"house","English","casa",6.34212141872115
"114",6,"bear","English","oso",6.43294009273918
"114",7,"basket","English","canasta",6.35262939631957
"114",8,"backpack","English","mochila",6.70196036600254
"114",9,"arm","English","brazo",6.43133108193348
"114",10,"flag","English","bandera",6.56385552653213
"114",11,"apple","English","manzana",6.54391184556479
"114",13,"whale","English","ballena",6.89972310728487
"114",16,"bell","English","campana",6.53813982376767
"114",17,"plug","English","enchufe",6.53087762772588
"114",19,"beard","English","barba",6.53524127101366
"114",20,"wolf","English","lobo",6.73101810048208
"114",21,"railroadtracks","English","vías",6.8501261661455
"114",22,"carrot","English","zanahoria",6.59304453414244
"114",24,"turkey","English","pavo",6.55393340402581
"114",25,"church","English","iglesia",6.81014245011514
"114",26,"bone","English","hueso",6.43454651878745
"114",27,"knife","English","cuchillo",6.52356230614951
"114",29,"wagon","English","carrito",6.66440902035041
"114",30,"bowl","English","plato",7.20563517641036
"114",31,"nose","English","naríz",6.48616078894409
"114",36,"heart","English","corazón",6.62140565176413
"114",38,"ear","English","oreja",6.48768401848461
"114",39,"glove","English","güante",6.60800062529609
"114",40,"barbecue","English","asador",6.99117688712121
"114",42,"helmet","English","casco",6.58892647753352
"114",45,"moon","English","luna",6.52356230614951
"114",48,"well","English","pozo",6.85329909318608
"114",49,"lightswitch","English","apagador",6.68210859744981
"114",50,"safe","English","caja fuerte",6.78897174299217
"114",52,"unicycle","English","monociclo",6.8596149036542
"114",55,"bed","English","cama",6.52795791762255
"114",56,"mailbox","English","buzón",6.59987049921284
"114",57,"shoe","English","zapato",6.50128967054039
"114",59,"pencil","English","lápiz",6.45519856334012
"114",60,"vacuum","English","aspiradora",6.83087423464618
"114",61,"broom","English","escoba",6.98471632011827
"114",62,"mixer","English","batidora",6.93147180559945
"114",63,"tree","English","árbol",6.81673588059497
"114",64,"ladder","English","escalera",6.87626461189077
"114",66,"safetypin","English","seguro",6.73221070646721
"114",68,"sewing machine","English","máquina de coser",6.97260625130175
"114",69,"woman","English","mujer",6.98564181763921
"114",70,"king","English","rey",6.54821910276237
"114",75,"bandaid","English","curita",6.5694814204143
"115",1,"arm","English","brazo",6.80793494369993
"115",2,"shoe","English","zapato",6.61873898351722
"115",4,"woman","English","mujer",6.59714570188665
"115",7,"knife","English","cuchillo",7.0475172213573
"115",8,"thumb","English","dedo",6.17586727010576
"115",9,"wagon","English","carrito",7.5999019592085
"115",10,"vacuum","English","aspiradora",7.20266119652324
"115",13,"house","English","casa",6.60123011872888
"115",15,"belt","English","cinturón",6.52795791762255
"115",16,"ear","English","oreja",6.62140565176413
"115",17,"dresser","English","buró",7.4759059693674
"115",18,"carrot","English","zanahoria",6.37672694789863
"115",19,"basket","English","canasta",6.82328612235569
"115",20,"mailbox","English","buzón",6.77878489768518
"115",23,"unicycle","English","monociclo",6.76272950693188
"115",24,"railroadtracks","English","vías",6.79234442747081
"115",25,"tree","English","árbol",6.89365635460264
"115",27,"broom","English","escoba",6.70686233660275
"115",28,"ladder","English","escalera",6.55393340402581
"115",30,"bed","English","cama",6.84906628263346
"115",32,"turkey","English","pavo",7.09837563859079
"115",33,"bowl","English","plato",6.44413125670044
"115",35,"pencil","English","lápiz",6.42162226780652
"115",37,"apple","English","manzana",6.52502965784346
"115",39,"bone","English","hueso",6.47697236288968
"115",40,"airplane","English","avión",6.47543271670409
"115",41,"helmet","English","casco",6.53087762772588
"115",42,"wolf","English","lobo",6.4150969591716
"115",43,"bell","English","campana",6.36647044773144
"115",44,"bear","English","oso",6.38856140554563
"115",46,"sewing machine","English","máquina de coser",6.56526497003536
"115",49,"flag","English","bandera",6.74993119378857
"115",51,"church","English","iglesia",6.90073066404517
"115",52,"king","English","rey",6.92165818415113
"115",53,"glove","English","güante",6.5694814204143
"115",54,"moon","English","luna",6.44888939414686
"115",55,"barbecue","English","asador",6.91572344863131
"115",57,"bandaid","English","curita",6.46302945692067
"115",59,"plug","English","enchufe",6.59850902861452
"115",61,"well","English","pozo",6.41017488196617
"115",62,"dog","English","perro",6.92067150424868
"115",63,"nose","English","naríz",6.45990445437753
"115",64,"backpack","English","mochila",6.49072353450251
"115",65,"lightswitch","English","apagador",6.57088296233958
"115",69,"whale","English","ballena",6.60123011872888
"115",70,"safe","English","caja fuerte",6.5792512120101
"115",71,"safetypin","English","seguro",7.15070145759253
"115",74,"heart","English","corazón",6.67834211465433
"115",75,"beard","English","barba",6.4393503711001
"116",1,"church","English","iglesia",6.66695679242921
"116",3,"woman","English","mujer",6.71538338633468
"116",4,"thumb","English","dedo",6.50876913697168
"116",6,"shoe","English","zapato",6.61740297797448
"116",9,"dresser","English","buró",6.87109129461055
"116",11,"moon","English","luna",6.61204103483309
"116",12,"sewing machine","English","máquina de coser",6.80903930604298
"116",13,"nose","English","naríz",6.48920493132532
"116",14,"bell","English","campana",6.56526497003536
"116",21,"vacuum","English","aspiradora",7.0647590277918
"116",22,"bone","English","hueso",6.71295620067707
"116",24,"belt","English","cinturón",6.62936325343745
"116",25,"well","English","pozo",6.82110747225646
"116",27,"barbecue","English","asador",6.85856503479136
"116",28,"apple","English","manzana",7.55328660560042
"116",29,"railroadtracks","English","vías",7.25347038268453
"116",31,"backpack","English","mochila",6.69208374250663
"116",33,"helmet","English","casco",6.66440902035041
"116",34,"arm","English","brazo",6.62273632394984
"116",35,"tree","English","árbol",6.44730586254121
"116",36,"ear","English","oreja",6.49677499018586
"116",38,"wagon","English","carrito",6.64118216974059
"116",39,"house","English","casa",6.48616078894409
"116",41,"turkey","English","pavo",6.85540879860993
"116",42,"mailbox","English","buzón",6.89871453432999
"116",44,"knife","English","cuchillo",6.60394382460047
"116",45,"beard","English","barba",6.71901315438526
"116",46,"glove","English","güante",6.78784498230958
"116",48,"pencil","English","lápiz",6.5424719605068
"116",49,"basket","English","canasta",7.00306545878646
"116",50,"bandaid","English","curita",6.69579891705849
"116",51,"unicycle","English","monociclo",6.62936325343745
"116",54,"carrot","English","zanahoria",6.74875954749168
"116",55,"lightswitch","English","apagador",6.59987049921284
"116",56,"bear","English","oso",6.6682282484174
"116",57,"bed","English","cama",6.67834211465433
"116",58,"mixer","English","batidora",6.99301512293296
"116",59,"whale","English","ballena",6.65801104587075
"116",61,"broom","English","escoba",6.9177056098353
"116",63,"heart","English","corazón",6.67456139181443
"116",64,"safe","English","caja fuerte",7.02108396428914
"116",65,"king","English","rey",6.86693328446188
"116",71,"flag","English","bandera",6.92264389147589
"116",72,"plug","English","enchufe",6.92853781816467
"116",73,"safetypin","English","seguro",6.98749024700099
"116",74,"dog","English","perro",6.91473089271856
"116",75,"airplane","English","avión",7.0335064842877
"117",1,"safe","English","caja fuerte",7.17395831975679
"117",2,"bell","English","campana",6.52356230614951
"117",4,"railroadtracks","English","vías",7.02375895473844
"117",7,"wagon","English","carrito",6.90073066404517
"117",8,"mailbox","English","buzón",7.21229446850034
"117",9,"backpack","English","mochila",7.20042489294496
"117",11,"broom","English","escoba",7.26542972325395
"117",13,"wolf","English","lobo",7.64539769942863
"117",14,"woman","English","mujer",7.20191631753163
"117",15,"moon","English","luna",7.10167597161944
"117",16,"plug","English","enchufe",6.96602418710611
"117",17,"beard","English","barba",6.82546003625531
"117",18,"ladder","English","escalera",6.86380339145295
"117",20,"well","English","pozo",7.08170858610557
"117",23,"nose","English","naríz",6.65157187358973
"117",24,"helmet","English","casco",6.62804137617953
"117",27,"shoe","English","zapato",7.51479976048867
"117",28,"turkey","English","pavo",6.7286286130847
"117",30,"carrot","English","zanahoria",7.91498300584839
"117",31,"mixer","English","batidora",7.34923082461333
"117",33,"flag","English","bandera",6.7900972355139
"117",34,"bone","English","hueso",7.72621265050753
"117",35,"vacuum","English","aspiradora",6.99576615630485
"117",36,"airplane","English","avión",6.82979373751242
"117",37,"safetypin","English","seguro",7.82843635915759
"117",38,"thumb","English","dedo",7.09174211509515
"117",40,"apple","English","manzana",7.00488198971286
"117",41,"pencil","English","lápiz",6.71780469502369
"117",42,"unicycle","English","monociclo",7.70616297019958
"117",44,"sewing machine","English","máquina de coser",7.41758040241454
"117",45,"dresser","English","buró",7.05272104923232
"117",46,"tree","English","árbol",7.00124562206948
"117",47,"bandaid","English","curita",6.97260625130175
"117",48,"dog","English","perro",7.51479976048867
"117",52,"bowl","English","plato",6.89770494312864
"117",56,"heart","English","corazón",7.70796153183549
"117",57,"whale","English","ballena",6.85435450225502
"117",58,"belt","English","cinturón",6.6682282484174
"117",59,"basket","English","canasta",7.35436233042148
"117",60,"bed","English","cama",7.01211529430638
"117",62,"house","English","casa",6.88959130835447
"117",63,"knife","English","cuchillo",6.50578406012823
"117",66,"glove","English","güante",6.61606518513282
"117",67,"king","English","rey",6.7696419768525
"117",68,"arm","English","brazo",6.84054652928869
"117",69,"barbecue","English","asador",6.67329796776765
"117",71,"bear","English","oso",6.97354301952014
"117",73,"lightswitch","English","apagador",7.32514895795557
"117",74,"ear","English","oreja",7.56216163122565
"118",1,"house","English","casa",6.77422388635761
"118",2,"bear","English","oso",6.60394382460047
"118",3,"dog","English","perro",6.64639051484773
"118",5,"church","English","iglesia",6.83625927727707
"118",6,"railroadtracks","English","vías",6.68461172766793
"118",8,"dresser","English","buró",6.64639051484773
"118",10,"backpack","English","mochila",6.91274282049318
"118",11,"sewing machine","English","máquina de coser",7.07580886397839
"118",12,"wolf","English","lobo",6.7286286130847
"118",13,"broom","English","escoba",6.4085287910595
"118",15,"tree","English","árbol",6.41836493593621
"118",16,"ladder","English","escalera",6.90575327631146
"118",17,"arm","English","brazo",7.2283884515736
"118",19,"pencil","English","lápiz",7.21890970761906
"118",20,"flag","English","bandera",6.73101810048208
"118",21,"vacuum","English","aspiradora",6.76503897678054
"118",22,"carrot","English","zanahoria",6.77764659363512
"118",25,"apple","English","manzana",6.67959918584438
"118",26,"knife","English","cuchillo",6.89060912014717
"118",27,"bandaid","English","curita",6.54821910276237
"118",30,"shoe","English","zapato",6.88959130835447
"118",31,"woman","English","mujer",6.94793706861497
"118",32,"mailbox","English","buzón",6.55250788703459
"118",33,"whale","English","ballena",6.55250788703459
"118",34,"ear","English","oreja",6.86171134048073
"118",36,"wagon","English","carrito",6.74993119378857
"118",40,"nose","English","naríz",6.63331843328038
"118",41,"helmet","English","casco",6.35088571671474
"118",42,"bone","English","hueso",6.361302477573
"118",44,"barbecue","English","asador",6.71174039505618
"118",46,"well","English","pozo",6.8627579130514
"118",47,"thumb","English","dedo",6.82546003625531
"118",48,"safe","English","caja fuerte",6.61204103483309
"118",50,"turkey","English","pavo",6.82110747225646
"118",52,"glove","English","güante",6.59578051396131
"118",55,"mixer","English","batidora",6.84374994900622
"118",56,"heart","English","corazón",6.32256523992728
"118",57,"plug","English","enchufe",6.92755790627832
"118",60,"belt","English","cinturón",6.51619307604296
"118",61,"bed","English","cama",6.361302477573
"118",62,"beard","English","barba",6.39024066706535
"118",63,"airplane","English","avión",6.87316383421252
"118",64,"bell","English","campana",6.56244409369372
"118",65,"king","English","rey",6.53958595561767
"118",66,"lightswitch","English","apagador",6.81892406527552
"118",70,"unicycle","English","monociclo",6.52649485957079
"119",1,"glove","English","güante",6.96413561241824
"119",3,"basket","English","canasta",6.95654544315157
"119",4,"bear","English","oso",6.81783057145415
"119",5,"pencil","English","lápiz",6.72383244082121
"119",6,"woman","English","mujer",6.89669433162271
"119",7,"ear","English","oreja",6.7900972355139
"119",9,"ladder","English","escalera",7.26752542782817
"119",10,"bell","English","campana",6.85224256905188
"119",11,"house","English","casa",6.87935580446044
"119",12,"belt","English","cinturón",6.73933662735717
"119",13,"bandaid","English","curita",6.86589107488344
"119",14,"tree","English","árbol",6.92657703322272
"119",16,"shoe","English","zapato",7.11963563801764
"119",18,"helmet","English","casco",6.84481547920826
"119",20,"beard","English","barba",6.63725803128446
"119",21,"nose","English","naríz",6.65415252018322
"119",22,"apple","English","manzana",6.54391184556479
"119",23,"mixer","English","batidora",7.71556953452021
"119",24,"church","English","iglesia",7.0647590277918
"119",25,"broom","English","escoba",7.31654817718298
"119",28,"bowl","English","plato",7.41397029019044
"119",30,"airplane","English","avión",6.86066367144829
"119",31,"well","English","pozo",7.29369772060144
"119",33,"heart","English","corazón",6.85118492749374
"119",34,"mailbox","English","buzón",7.36137542897735
"119",35,"king","English","rey",6.86380339145295
"119",36,"vacuum","English","aspiradora",7.3185395485679
"119",41,"dresser","English","buró",7.53262361878879
"119",44,"wagon","English","carrito",7.15773548424991
"119",45,"railroadtracks","English","vías",7.39079852173568
"119",46,"thumb","English","dedo",6.61472560020376
"119",47,"bed","English","cama",6.52502965784346
"119",48,"knife","English","cuchillo",6.52356230614951
"119",49,"dog","English","perro",6.89770494312864
"119",51,"whale","English","ballena",6.8351845861473
"119",53,"unicycle","English","monociclo",7.01481435127554
"119",54,"turkey","English","pavo",7.24921505711439
"119",55,"safetypin","English","seguro",6.7945865808765
"119",56,"wolf","English","lobo",7.11476944836646
"119",58,"lightswitch","English","apagador",7.30720231476474
"119",60,"sewing machine","English","máquina de coser",7.44600149832412
"119",62,"backpack","English","mochila",7.66481578528574
"119",64,"arm","English","brazo",6.71538338633468
"119",65,"flag","English","bandera",7.11963563801764
"119",66,"carrot","English","zanahoria",6.75343791859778
"119",68,"bone","English","hueso",6.63331843328038
"119",71,"moon","English","luna",6.67708346124714
"120",1,"unicycle","English","monociclo",7.19067603433221
"120",2,"carrot","English","zanahoria",6.68085467879022
"120",5,"knife","English","cuchillo",7.06133436691044
"120",7,"ear","English","oreja",6.74758652682932
"120",9,"mailbox","English","buzón",7.3031700512368
"120",10,"beard","English","barba",6.63594655568665
"120",12,"king","English","rey",7.32448997934853
"120",13,"helmet","English","casco",6.80239476332431
"120",14,"safetypin","English","seguro",7.77148876011762
"120",15,"heart","English","corazón",6.57368016696065
"120",16,"church","English","iglesia",7.87473912517181
"120",17,"flag","English","bandera",6.8330317327862
"120",19,"apple","English","manzana",6.69579891705849
"120",20,"turkey","English","pavo",6.93439720992856
"120",26,"woman","English","mujer",7.36327958696304
"120",27,"tree","English","árbol",6.93342302573071
"120",28,"belt","English","cinturón",6.94601399109923
"120",29,"mixer","English","batidora",7.04403289727469
"120",34,"whale","English","ballena",7.15617663748062
"120",36,"lightswitch","English","apagador",7.18992217074581
"120",38,"bell","English","campana",6.80350525760834
"120",41,"backpack","English","mochila",6.88959130835447
"120",43,"house","English","casa",7.24636808010246
"120",45,"bone","English","hueso",7.55642796944025
"120",46,"vacuum","English","aspiradora",7.27031288607902
"120",47,"safe","English","caja fuerte",7.02642680869964
"120",48,"arm","English","brazo",7.70975686445416
"120",49,"thumb","English","dedo",6.89264164117209
"120",52,"well","English","pozo",7.52671756135271
"120",53,"bandaid","English","curita",6.85224256905188
"120",55,"glove","English","güante",6.94119005506837
"120",56,"moon","English","luna",6.59030104819669
"120",57,"bowl","English","plato",6.5424719605068
"120",58,"wolf","English","lobo",7.04228617193974
"120",60,"bear","English","oso",7.05961762829138
"120",61,"basket","English","canasta",6.90575327631146
"120",62,"sewing machine","English","máquina de coser",7.46049030582534
"120",63,"airplane","English","avión",7.49052940206071
"120",66,"dog","English","perro",7.00397413672268
"120",67,"bed","English","cama",6.73101810048208
"120",68,"ladder","English","escalera",7.48268182815465
"120",69,"plug","English","enchufe",7.82003798945875
"120",70,"shoe","English","zapato",6.66440902035041
"120",72,"barbecue","English","asador",7.22475340576797
"120",75,"nose","English","naríz",7.8739783796045
"121",2,"railroadtracks","English","vías",6.8001700683022
"121",3,"mailbox","English","buzón",7.11395610956603
"121",4,"bone","English","hueso",6.47850964220857
"121",5,"bear","English","oso",6.53813982376767
"121",7,"dresser","English","buró",6.63725803128446
"121",9,"woman","English","mujer",6.67582322163485
"121",10,"shoe","English","zapato",6.44094654063292
"121",11,"plug","English","enchufe",7.49443021503157
"121",12,"turkey","English","pavo",6.81892406527552
"121",13,"backpack","English","mochila",6.46302945692067
"121",14,"nose","English","naríz",6.40025744530882
"121",17,"wagon","English","carrito",6.88959130835447
"121",18,"helmet","English","casco",6.57088296233958
"121",19,"mixer","English","batidora",7.15383380157884
"121",21,"ear","English","oreja",6.46614472423762
"121",23,"sewing machine","English","máquina de coser",6.80128303447162
"121",24,"safetypin","English","seguro",7.10414409298753
"121",27,"king","English","rey",6.54821910276237
"121",30,"unicycle","English","monociclo",6.70073110954781
"121",31,"dog","English","perro",6.63331843328038
"121",32,"heart","English","corazón",6.47389069635227
"121",33,"bed","English","cama",6.47697236288968
"121",34,"wolf","English","lobo",6.78445706263764
"121",35,"well","English","pozo",6.63200177739563
"121",36,"carrot","English","zanahoria",6.8351845861473
"121",38,"vacuum","English","aspiradora",7.04490511712937
"121",39,"belt","English","cinturón",6.73933662735717
"121",40,"basket","English","canasta",6.87005341179813
"121",41,"knife","English","cuchillo",6.67076632084587
"121",42,"apple","English","manzana",6.77536609093639
"121",43,"safe","English","caja fuerte",7.01750614294126
"121",44,"flag","English","bandera",6.53233429222235
"121",45,"pencil","English","lápiz",6.50727771238501
"121",47,"barbecue","English","asador",6.65801104587075
"121",49,"church","English","iglesia",6.64639051484773
"121",51,"thumb","English","dedo",6.54821910276237
"121",52,"bell","English","campana",6.42162226780652
"121",53,"beard","English","barba",6.50876913697168
"121",54,"glove","English","güante",6.52795791762255
"121",56,"ladder","English","escalera",6.58063913728495
"121",59,"moon","English","luna",6.3456363608286
"121",60,"arm","English","brazo",6.46146817635372
"121",61,"whale","English","ballena",6.4425401664682
"121",62,"tree","English","árbol",6.34388043412633
"121",63,"airplane","English","avión",7.19218205871325
"121",65,"house","English","casa",6.86901445066571
"121",67,"bowl","English","plato",6.82328612235569
"121",71,"bandaid","English","curita",6.51767127291227
"121",73,"lightswitch","English","apagador",6.5875500148248
"122",1,"ladder","English","escalera",7.3125534981026
"122",3,"lightswitch","English","apagador",6.75460409948796
"122",4,"heart","English","corazón",6.93342302573071
"122",6,"house","English","casa",6.86066367144829
"122",8,"dresser","English","buró",7.11720550316434
"122",9,"carrot","English","zanahoria",6.81563999007433
"122",11,"glove","English","güante",6.81783057145415
"122",12,"basket","English","canasta",7.18992217074581
"122",13,"woman","English","mujer",6.81563999007433
"122",15,"belt","English","cinturón",6.72503364216684
"122",17,"pencil","English","lápiz",6.65672652417839
"122",18,"tree","English","árbol",6.77536609093639
"122",19,"well","English","pozo",6.96602418710611
"122",20,"wolf","English","lobo",6.80461452006262
"122",24,"dog","English","perro",6.65544035036765
"122",25,"unicycle","English","monociclo",6.81673588059497
"122",26,"moon","English","luna",7.10002716662926
"122",29,"helmet","English","casco",6.77878489768518
"122",32,"flag","English","bandera",6.7428806357919
"122",33,"knife","English","cuchillo",6.78784498230958
"122",34,"bed","English","cama",7.05875815251866
"122",35,"thumb","English","dedo",6.76503897678054
"122",36,"bear","English","oso",6.6945620585211
"122",40,"turkey","English","pavo",6.82437367004309
"122",42,"airplane","English","avión",7.01750614294126
"122",45,"church","English","iglesia",7.22693601849329
"122",46,"king","English","rey",7.18462915271731
"122",47,"mailbox","English","buzón",6.98841318199959
"122",48,"nose","English","naríz",7.16549347506085
"122",54,"apple","English","manzana",6.98564181763921
"122",57,"barbecue","English","asador",7.20414929203594
"122",58,"vacuum","English","aspiradora",7.03085747611612
"122",59,"mixer","English","batidora",7.32184971378836
"122",60,"safe","English","caja fuerte",7.15773548424991
"122",63,"shoe","English","zapato",6.95368421087054
"122",64,"railroadtracks","English","vías",7.41997992366183
"122",65,"bandaid","English","curita",7.32974968904151
"122",66,"bone","English","hueso",6.68085467879022
"122",67,"arm","English","brazo",6.75576892198425
"122",68,"bowl","English","plato",7.01031186730723
"122",69,"broom","English","escoba",6.83625927727707
"122",70,"plug","English","enchufe",7.33498187887181
"122",71,"backpack","English","mochila",7.02197642307216
"122",72,"bell","English","campana",6.91174730025167
"122",74,"safetypin","English","seguro",7.1608459066643
"122",75,"wagon","English","carrito",7.04577657687951
"123",1,"vacuum","English","aspiradora",6.90475076996184
"123",2,"wolf","English","lobo",7.09837563859079
"123",7,"dresser","English","buró",6.96508034560141
"123",8,"railroadtracks","English","vías",7.12689080889881
"123",10,"mailbox","English","buzón",6.89467003943348
"123",11,"beard","English","barba",6.58479139238572
"123",12,"barbecue","English","asador",6.73340189183736
"123",13,"broom","English","escoba",6.42648845745769
"123",16,"safe","English","caja fuerte",7.18538701558042
"123",18,"flag","English","bandera",6.57507584059962
"123",19,"bowl","English","plato",6.52356230614951
"123",20,"whale","English","ballena",6.64509096950564
"123",21,"moon","English","luna",6.68586094706836
"123",23,"shoe","English","zapato",6.45676965557216
"123",24,"lightswitch","English","apagador",7.21081845347222
"123",26,"carrot","English","zanahoria",6.44413125670044
"123",27,"mixer","English","batidora",6.79794041297493
"123",30,"arm","English","brazo",6.43294009273918
"123",32,"basket","English","canasta",6.44888939414686
"123",35,"bear","English","oso",6.68210859744981
"123",37,"dog","English","perro",6.60394382460047
"123",39,"unicycle","English","monociclo",6.71901315438526
"123",40,"glove","English","güante",6.7286286130847
"123",41,"bell","English","campana",6.65801104587075
"123",42,"knife","English","cuchillo",6.50727771238501
"123",45,"ear","English","oreja",6.47850964220857
"123",46,"wagon","English","carrito",6.54821910276237
"123",49,"nose","English","naríz",6.75809450442773
"123",50,"apple","English","manzana",6.40687998606931
"123",51,"tree","English","árbol",6.46458830368996
"123",52,"bandaid","English","curita",6.39859493453521
"123",54,"belt","English","cinturón",6.72142570079064
"123",55,"house","English","casa",6.71295620067707
"123",56,"bone","English","hueso",6.66440902035041
"123",57,"thumb","English","dedo",7.46508273639955
"123",58,"well","English","pozo",6.71901315438526
"123",63,"safetypin","English","seguro",6.71295620067707
"123",65,"church","English","iglesia",7.21744343169653
"123",67,"turkey","English","pavo",7.1276936993474
"123",69,"woman","English","mujer",6.55535689181067
"123",70,"bed","English","cama",6.49072353450251
"123",71,"backpack","English","mochila",7.09837563859079
"123",72,"heart","English","corazón",6.45362499889269
"123",73,"sewing machine","English","máquina de coser",6.4393503711001
"123",75,"helmet","English","casco",6.62406522779989
"124",3,"knife","English","cuchillo",6.49223983502047
"124",4,"shoe","English","zapato",6.52209279817015
"124",5,"ear","English","oreja",6.74875954749168
"124",7,"mailbox","English","buzón",6.98378996525813
"124",8,"heart","English","corazón",6.47850964220857
"124",10,"wagon","English","carrito",6.48616078894409
"124",12,"dresser","English","buró",6.86693328446188
"124",13,"arm","English","brazo",6.88448665204278
"124",14,"broom","English","escoba",6.54821910276237
"124",15,"nose","English","naríz",6.73815249459596
"124",17,"unicycle","English","monociclo",6.74758652682932
"124",18,"barbecue","English","asador",6.9177056098353
"124",20,"vacuum","English","aspiradora",6.99484998583307
"124",21,"dog","English","perro",6.33327962813969
"124",24,"woman","English","mujer",6.52502965784346
"124",27,"mixer","English","batidora",7.1608459066643
"124",28,"whale","English","ballena",6.63463335786169
"124",30,"railroadtracks","English","vías",7.07580886397839
"124",31,"bone","English","hueso",6.58479139238572
"124",32,"well","English","pozo",6.60123011872888
"124",34,"bed","English","cama",6.65672652417839
"124",35,"beard","English","barba",6.72262979485545
"124",37,"moon","English","luna",6.78332520060396
"124",38,"bandaid","English","curita",6.65544035036765
"124",39,"sewing machine","English","máquina de coser",6.59714570188665
"124",40,"plug","English","enchufe",6.68085467879022
"124",41,"tree","English","árbol",6.64898455002478
"124",42,"airplane","English","avión",6.77764659363512
"124",43,"carrot","English","zanahoria",6.48004456192665
"124",45,"helmet","English","casco",6.51025834052315
"124",47,"house","English","casa",6.63068338564237
"124",48,"thumb","English","dedo",6.64509096950564
"124",49,"turkey","English","pavo",6.49828214947643
"124",50,"flag","English","bandera",6.51471269087253
"124",51,"bell","English","campana",6.49072353450251
"124",53,"apple","English","manzana",6.53378883793334
"124",56,"ladder","English","escalera",6.61606518513282
"124",57,"basket","English","canasta",6.97166860472579
"124",58,"belt","English","cinturón",6.72383244082121
"124",59,"wolf","English","lobo",6.69826805411541
"124",64,"church","English","iglesia",6.79794041297493
"124",66,"safe","English","caja fuerte",6.86380339145295
"124",67,"king","English","rey",6.58479139238572
"124",69,"lightswitch","English","apagador",7.05098944706805
"124",70,"pencil","English","lápiz",6.5510803350434
"124",71,"glove","English","güante",6.81234509417748
"124",72,"backpack","English","mochila",6.58617165485467
"124",74,"bear","English","oso",6.63725803128446
"125",2,"helmet","English","casco",6.54678541076052
"125",3,"airplane","English","avión",6.45676965557216
"125",4,"ear","English","oreja",6.58892647753352
"125",6,"broom","English","escoba",6.90775527898214
"125",8,"sewing machine","English","máquina de coser",7.01211529430638
"125",10,"safe","English","caja fuerte",6.80461452006262
"125",14,"safetypin","English","seguro",6.63987583382654
"125",15,"bed","English","cama",6.6052979209482
"125",16,"unicycle","English","monociclo",6.72383244082121
"125",17,"mailbox","English","buzón",7.09174211509515
"125",18,"moon","English","luna",6.4425401664682
"125",19,"thumb","English","dedo",6.58340922215876
"125",21,"bell","English","campana",7.04490511712937
"125",25,"belt","English","cinturón",6.91869521902047
"125",27,"apple","English","manzana",7.02286808608264
"125",28,"carrot","English","zanahoria",7.18311170174328
"125",29,"pencil","English","lápiz",6.41017488196617
"125",31,"well","English","pozo",6.83733281468559
"125",33,"bowl","English","plato",6.76041469108343
"125",34,"woman","English","mujer",6.66440902035041
"125",37,"king","English","rey",6.55250788703459
"125",38,"plug","English","enchufe",6.74641212857337
"125",39,"railroadtracks","English","vías",6.92067150424868
"125",42,"backpack","English","mochila",6.94119005506837
"125",43,"glove","English","güante",6.73459165997295
"125",44,"bandaid","English","curita",6.78332520060396
"125",45,"dog","English","perro",6.4723462945009
"125",46,"heart","English","corazón",6.55393340402581
"125",50,"flag","English","bandera",6.66185474054531
"125",52,"lightswitch","English","apagador",6.65415252018322
"125",55,"dresser","English","buró",6.6631326959908
"125",56,"basket","English","canasta",6.55819780281227
"125",57,"vacuum","English","aspiradora",6.75809450442773
"125",58,"whale","English","ballena",6.59304453414244
"125",62,"barbecue","English","asador",6.82546003625531
"125",63,"tree","English","árbol",6.88550967003482
"125",64,"shoe","English","zapato",6.48004456192665
"125",67,"nose","English","naríz",6.47543271670409
"125",69,"arm","English","brazo",6.36302810354046
"125",71,"bear","English","oso",6.5694814204143
"125",72,"bone","English","hueso",6.5510803350434
"125",73,"wolf","English","lobo",6.87935580446044
"125",74,"ladder","English","escalera",6.69332366826995
"125",75,"church","English","iglesia",6.45833828334479
"126",1,"unicycle","English","monociclo",6.82871207164168
"126",3,"house","English","casa",7.42773884053289
"126",4,"vacuum","English","aspiradora",6.9555926083963
"126",5,"plug","English","enchufe",6.98378996525813
"126",6,"backpack","English","mochila",7.58629630715272
"126",8,"pencil","English","lápiz",7.02197642307216
"126",11,"railroadtracks","English","vías",7.07749805356923
"126",12,"ladder","English","escalera",6.84906628263346
"126",14,"bell","English","campana",6.60665018619822
"126",17,"wolf","English","lobo",7.34018683532012
"126",18,"bowl","English","plato",6.8330317327862
"126",21,"flag","English","bandera",7.57455848420248
"126",22,"carrot","English","zanahoria",6.65672652417839
"126",23,"knife","English","cuchillo",6.77422388635761
"126",25,"helmet","English","casco",7.04315991598834
"126",26,"shoe","English","zapato",6.92264389147589
"126",27,"safe","English","caja fuerte",6.73933662735717
"126",30,"mailbox","English","buzón",7.07411681619736
"126",31,"bed","English","cama",6.95844839329766
"126",32,"airplane","English","avión",6.79570577517351
"126",35,"apple","English","manzana",7.05961762829138
"126",37,"basket","English","canasta",7.40123126441302
"126",39,"dog","English","perro",6.62539236800796
"126",41,"ear","English","oreja",7.33171496972647
"126",42,"heart","English","corazón",6.4425401664682
"126",44,"broom","English","escoba",7.15773548424991
"126",47,"well","English","pozo",6.8596149036542
"126",48,"bear","English","oso",6.63594655568665
"126",49,"glove","English","güante",6.65544035036765
"126",52,"bone","English","hueso",6.68959926917897
"126",53,"thumb","English","dedo",6.7202201551353
"126",54,"king","English","rey",6.69950034016168
"126",55,"church","English","iglesia",6.91671502035361
"126",58,"moon","English","luna",7.05617528410041
"126",60,"whale","English","ballena",6.71780469502369
"126",61,"sewing machine","English","máquina de coser",7.55851674304564
"126",63,"turkey","English","pavo",6.98193467715639
"126",65,"tree","English","árbol",7.42237370098682
"126",67,"mixer","English","batidora",7.37148929521428
"126",69,"beard","English","barba",6.78105762593618
"126",71,"arm","English","brazo",7.77233157516961
"126",72,"barbecue","English","asador",7.08590146436561
"126",73,"woman","English","mujer",7.32448997934853
"126",74,"bandaid","English","curita",7.09589322109753
"126",75,"safetypin","English","seguro",6.89365635460264
"127",4,"bone","English","hueso",6.80461452006262
"127",5,"knife","English","cuchillo",6.80239476332431
"127",6,"helmet","English","casco",6.70808408385307
"127",7,"moon","English","luna",7.25276241805319
"127",8,"pencil","English","lápiz",6.45833828334479
"127",9,"backpack","English","mochila",7.2086003379602
"127",10,"well","English","pozo",6.89264164117209
"127",13,"turkey","English","pavo",7.11639414409346
"127",14,"tree","English","árbol",6.69703424766648
"127",15,"wagon","English","carrito",6.66949808985788
"127",17,"bell","English","campana",7.21303165983487
"127",18,"whale","English","ballena",6.85435450225502
"127",20,"safetypin","English","seguro",6.99759598298193
"127",21,"bear","English","oso",6.70686233660275
"127",22,"king","English","rey",6.66440902035041
"127",23,"wolf","English","lobo",6.63200177739563
"127",25,"heart","English","corazón",6.84800527457636
"127",26,"broom","English","escoba",7.45818615734049
"127",28,"barbecue","English","asador",7.0833878476253
"127",29,"beard","English","barba",6.96413561241824
"127",30,"bed","English","cama",6.89972310728487
"127",32,"glove","English","güante",7.28344822875663
"127",34,"bandaid","English","curita",7.22620901010067
"127",35,"apple","English","manzana",6.87005341179813
"127",36,"unicycle","English","monociclo",7.10249935577465
"127",41,"flag","English","bandera",7.02286808608264
"127",42,"airplane","English","avión",6.97914527506881
"127",43,"carrot","English","zanahoria",7.15929190479756
"127",46,"house","English","casa",6.83733281468559
"127",49,"shoe","English","zapato",6.91968384984741
"127",51,"basket","English","canasta",6.87523208727658
"127",54,"thumb","English","dedo",6.7093043402583
"127",55,"lightswitch","English","apagador",7.01031186730723
"127",56,"railroadtracks","English","vías",6.97166860472579
"127",59,"dog","English","perro",7.34794382314869
"127",60,"mailbox","English","buzón",7.33432935030054
"127",62,"woman","English","mujer",6.77878489768518
"127",63,"ear","English","oreja",6.60665018619822
"127",65,"arm","English","brazo",7.0335064842877
"127",66,"sewing machine","English","máquina de coser",6.87832646829133
"127",71,"church","English","iglesia",7.11395610956603
"127",74,"belt","English","cinturón",6.65801104587075
"127",75,"nose","English","naríz",6.79346613258001
"128",2,"bed","English","cama",6.56385552653213
"128",3,"pencil","English","lápiz",6.4393503711001
"128",4,"mailbox","English","buzón",7.01121398735037
"128",5,"beard","English","barba",6.65672652417839
"128",7,"whale","English","ballena",6.71901315438526
"128",10,"bone","English","hueso",7.09423484592476
"128",13,"bowl","English","plato",7.11151211649616
"128",14,"arm","English","brazo",6.66568371778241
"128",17,"bell","English","campana",6.77308037565554
"128",18,"ladder","English","escalera",6.63987583382654
"128",19,"well","English","pozo",6.84161547647759
"128",20,"bandaid","English","curita",6.6945620585211
"128",21,"dresser","English","buró",6.74641212857337
"128",22,"nose","English","naríz",6.63725803128446
"128",26,"king","English","rey",6.96034772910131
"128",29,"carrot","English","zanahoria",6.96318998587024
"128",30,"thumb","English","dedo",6.65286302935335
"128",31,"knife","English","cuchillo",6.78105762593618
"128",32,"glove","English","güante",7.04490511712937
"128",33,"house","English","casa",6.84587987526405
"128",34,"flag","English","bandera",6.81454289725996
"128",35,"mixer","English","batidora",7.06646697013696
"128",36,"ear","English","oreja",7.12608727329912
"128",38,"woman","English","mujer",6.90575327631146
"128",39,"safetypin","English","seguro",7.14677217945264
"128",41,"basket","English","canasta",7.03085747611612
"128",44,"lightswitch","English","apagador",6.83410873881384
"128",46,"belt","English","cinturón",6.88141130364254
"128",48,"railroadtracks","English","vías",7.42892719480227
"128",49,"church","English","iglesia",7.41938058291869
"128",52,"bear","English","oso",6.93537044601511
"128",53,"vacuum","English","aspiradora",7.26473017792987
"128",54,"safe","English","caja fuerte",6.8596149036542
"128",55,"dog","English","perro",6.83087423464618
"128",57,"helmet","English","casco",6.91869521902047
"128",58,"sewing machine","English","máquina de coser",7.02997291170639
"128",59,"turkey","English","pavo",6.90775527898214
"128",60,"shoe","English","zapato",6.75343791859778
"128",61,"unicycle","English","monociclo",7.06561336359772
"128",63,"wagon","English","carrito",6.79346613258001
"128",64,"airplane","English","avión",6.87005341179813
"128",66,"apple","English","manzana",6.68835471394676
"128",67,"moon","English","luna",7.16549347506085
"128",68,"backpack","English","mochila",6.80682936039218
"128",69,"broom","English","escoba",6.91968384984741
"128",73,"tree","English","árbol",7.3038432252777
"128",74,"barbecue","English","asador",6.82328612235569
"129",3,"mailbox","English","buzón",6.94505106372583
"129",4,"sewing machine","English","máquina de coser",6.77422388635761
"129",5,"nose","English","naríz",6.6631326959908
"129",6,"heart","English","corazón",6.54821910276237
"129",7,"whale","English","ballena",6.69208374250663
"129",11,"moon","English","luna",6.71174039505618
"129",13,"mixer","English","batidora",7.21670948670946
"129",14,"basket","English","canasta",6.71538338633468
"129",15,"arm","English","brazo",6.92264389147589
"129",17,"beard","English","barba",6.85118492749374
"129",18,"helmet","English","casco",6.76157276880406
"129",19,"knife","English","cuchillo",6.69826805411541
"129",20,"wolf","English","lobo",6.88141130364254
"129",21,"pencil","English","lápiz",6.69703424766648
"129",23,"well","English","pozo",6.95368421087054
"129",24,"lightswitch","English","apagador",6.77536609093639
"129",25,"ear","English","oreja",6.83087423464618
"129",27,"railroadtracks","English","vías",7.20637729147225
"129",29,"safetypin","English","seguro",6.85329909318608
"129",30,"thumb","English","dedo",6.92461239604856
"129",32,"vacuum","English","aspiradora",6.68210859744981
"129",33,"belt","English","cinturón",6.77308037565554
"129",34,"woman","English","mujer",6.81124437860129
"129",35,"safe","English","caja fuerte",6.70196036600254
"129",38,"bear","English","oso",7.03790596344718
"129",40,"shoe","English","zapato",6.84587987526405
"129",43,"carrot","English","zanahoria",6.79794041297493
"129",45,"tree","English","árbol",6.84268328223842
"129",48,"bandaid","English","curita",6.64768837356333
"129",49,"ladder","English","escalera",6.76157276880406
"129",50,"dog","English","perro",6.74405918631135
"129",53,"house","English","casa",6.61338421837956
"129",56,"bone","English","hueso",6.98933526597456
"129",57,"bed","English","cama",6.93731408122368
"129",58,"dresser","English","buró",7.07496319796604
"129",59,"turkey","English","pavo",7.02019070831193
"129",61,"apple","English","manzana",6.82979373751242
"129",62,"glove","English","güante",6.81014245011514
"129",64,"broom","English","escoba",6.76849321164863
"129",66,"flag","English","bandera",6.91373735065968
"129",67,"airplane","English","avión",6.78671695060508
"129",68,"bell","English","campana",6.87626461189077
"129",70,"plug","English","enchufe",6.92853781816467
"129",71,"wagon","English","carrito",6.89365635460264
"129",72,"bowl","English","plato",6.90875477931522
"129",73,"backpack","English","mochila",6.84161547647759
"129",74,"king","English","rey",7.00850518208228
"130",1,"knife","English","cuchillo",6.25190388316589
"130",2,"bear","English","oso",6.51767127291227
"130",5,"pencil","English","lápiz",6.39859493453521
"130",9,"safetypin","English","seguro",6.73815249459596
"130",11,"sewing machine","English","máquina de coser",6.60800062529609
"130",12,"dresser","English","buró",6.87005341179813
"130",14,"tree","English","árbol",6.61606518513282
"130",15,"flag","English","bandera",6.86797440897029
"130",18,"carrot","English","zanahoria",7.09257371597468
"130",19,"king","English","rey",6.86693328446188
"130",20,"basket","English","canasta",6.99759598298193
"130",21,"bed","English","cama",6.61338421837956
"130",22,"apple","English","manzana",6.59304453414244
"130",24,"unicycle","English","monociclo",6.86066367144829
"130",26,"turkey","English","pavo",6.77764659363512
"130",30,"nose","English","naríz",6.6682282484174
"130",32,"ear","English","oreja",6.62539236800796
"130",33,"helmet","English","casco",6.61338421837956
"130",34,"bell","English","campana",6.61606518513282
"130",35,"moon","English","luna",6.86066367144829
"130",37,"arm","English","brazo",6.84161547647759
"130",38,"vacuum","English","aspiradora",6.8351845861473
"130",39,"heart","English","corazón",6.70196036600254
"130",40,"railroadtracks","English","vías",6.4707995037826
"130",41,"ladder","English","escalera",6.61472560020376
"130",42,"shoe","English","zapato",6.26720054854136
"130",46,"safe","English","caja fuerte",6.5694814204143
"130",47,"thumb","English","dedo",6.70808408385307
"130",48,"dog","English","perro",6.80461452006262
"130",49,"beard","English","barba",6.73221070646721
"130",50,"well","English","pozo",6.70073110954781
"130",51,"house","English","casa",6.62671774924902
"130",52,"wagon","English","carrito",6.76503897678054
"130",53,"glove","English","güante",6.74641212857337
"130",55,"lightswitch","English","apagador",7.08086789669078
"130",58,"wolf","English","lobo",6.89060912014717
"130",59,"plug","English","enchufe",7.19743535409659
"130",63,"mailbox","English","buzón",6.98378996525813
"130",64,"barbecue","English","asador",6.78558764500793
"130",65,"woman","English","mujer",6.58479139238572
"130",66,"mixer","English","batidora",7.05875815251866
"130",67,"bone","English","hueso",6.64378973314767
"130",68,"bandaid","English","curita",6.66949808985788
"130",70,"backpack","English","mochila",6.62007320653036
"130",71,"belt","English","cinturón",6.57228254269401
"130",72,"whale","English","ballena",6.55393340402581
"130",73,"church","English","iglesia",6.71659477352098
"130",75,"broom","English","escoba",6.69950034016168
"131",2,"pencil","English","lápiz",6.45833828334479
"131",3,"house","English","casa",6.53378883793334
"131",4,"lightswitch","English","apagador",6.70563909486
"131",8,"glove","English","güante",6.65544035036765
"131",9,"arm","English","brazo",7.28000825288419
"131",10,"church","English","iglesia",6.8351845861473
"131",11,"dog","English","perro",6.70563909486
"131",12,"heart","English","corazón",6.71174039505618
"131",13,"carrot","English","zanahoria",7.32646561384032
"131",16,"sewing machine","English","máquina de coser",6.91572344863131
"131",17,"wolf","English","lobo",6.88550967003482
"131",18,"ladder","English","escalera",6.57228254269401
"131",21,"bowl","English","plato",7.5109777520141
"131",23,"woman","English","mujer",6.82219739062049
"131",26,"vacuum","English","aspiradora",6.80128303447162
"131",28,"backpack","English","mochila",6.64378973314767
"131",29,"bed","English","cama",6.59987049921284
"131",30,"knife","English","cuchillo",6.5510803350434
"131",31,"safetypin","English","seguro",6.92067150424868
"131",33,"safe","English","caja fuerte",6.69950034016168
"131",36,"unicycle","English","monociclo",7.59337419312129
"131",40,"broom","English","escoba",6.70073110954781
"131",41,"bear","English","oso",6.65544035036765
"131",42,"helmet","English","casco",6.73340189183736
"131",43,"shoe","English","zapato",6.5424719605068
"131",45,"nose","English","naríz",6.68085467879022
"131",46,"bone","English","hueso",6.6682282484174
"131",48,"belt","English","cinturón",6.61606518513282
"131",49,"tree","English","árbol",6.44413125670044
"131",50,"moon","English","luna",6.87626461189077
"131",54,"apple","English","manzana",7.07496319796604
"131",56,"thumb","English","dedo",6.79122146272619
"131",57,"turkey","English","pavo",7.4489161025442
"131",58,"barbecue","English","asador",6.86693328446188
"131",59,"well","English","pozo",6.83195356556585
"131",60,"bell","English","campana",6.80239476332431
"131",61,"railroadtracks","English","vías",7.33236920592906
"131",62,"whale","English","ballena",6.69208374250663
"131",63,"flag","English","bandera",6.53233429222235
"131",64,"basket","English","canasta",8.0959035329611
"131",66,"beard","English","barba",7.0884087786754
"131",68,"mailbox","English","buzón",7.06561336359772
"131",69,"airplane","English","avión",7.01391547481053
"131",71,"bandaid","English","curita",7.42237370098682
"131",74,"ear","English","oreja",7.14045304310116
"131",75,"plug","English","enchufe",6.72383244082121
"132",1,"moon","English","luna",7.00124562206948
"132",4,"apple","English","manzana",6.78897174299217
"132",6,"mixer","English","batidora",7.29776828253138
"132",8,"belt","English","cinturón",6.71901315438526
"132",9,"airplane","English","avión",6.63594655568665
"132",10,"backpack","English","mochila",6.95463886488099
"132",14,"woman","English","mujer",6.88243747099785
"132",15,"dog","English","perro",6.72383244082121
"132",16,"pencil","English","lápiz",6.58340922215876
"132",17,"thumb","English","dedo",6.75925527066369
"132",18,"ladder","English","escalera",6.68959926917897
"132",19,"bone","English","hueso",6.67582322163485
"132",20,"wagon","English","carrito",6.57507584059962
"132",23,"bandaid","English","curita",6.56244409369372
"132",24,"railroadtracks","English","vías",7.14519613499717
"132",25,"safe","English","caja fuerte",6.87626461189077
"132",26,"mailbox","English","buzón",7.23489842031483
"132",27,"knife","English","cuchillo",7.50878717063428
"132",28,"bell","English","campana",6.96413561241824
"132",30,"turkey","English","pavo",6.98564181763921
"132",31,"sewing machine","English","máquina de coser",7.18159194461187
"132",32,"lightswitch","English","apagador",6.84481547920826
"132",35,"beard","English","barba",6.91075078796194
"132",36,"well","English","pozo",7.02019070831193
"132",38,"dresser","English","buró",6.90675477864855
"132",39,"heart","English","corazón",6.92559519711047
"132",41,"arm","English","brazo",6.93537044601511
"132",42,"helmet","English","casco",6.7945865808765
"132",43,"unicycle","English","monociclo",6.94505106372583
"132",44,"wolf","English","lobo",6.73221070646721
"132",45,"bear","English","oso",6.61204103483309
"132",48,"carrot","English","zanahoria",6.66949808985788
"132",49,"safetypin","English","seguro",6.87523208727658
"132",50,"basket","English","canasta",7.62021477057445
"132",52,"glove","English","güante",6.59030104819669
"132",53,"tree","English","árbol",6.52649485957079
"132",55,"shoe","English","zapato",6.51619307604296
"132",56,"house","English","casa",6.55961523749324
"132",57,"church","English","iglesia",6.9177056098353
"132",64,"flag","English","bandera",7.0475172213573
"132",66,"broom","English","escoba",6.84268328223842
"132",67,"nose","English","naríz",6.74641212857337
"132",68,"bed","English","cama",6.75227037614174
"132",73,"vacuum","English","aspiradora",7.16162200293919
"132",74,"barbecue","English","asador",6.94312242281943
"132",75,"bowl","English","plato",7.2591161280971
"133",2,"whale","English","ballena",6.45519856334012
"133",4,"church","English","iglesia",6.25382881157547
"133",5,"shoe","English","zapato",6.19236248947487
"133",8,"backpack","English","mochila",6.67076632084587
"133",10,"wagon","English","carrito",6.58617165485467
"133",11,"flag","English","bandera",6.62007320653036
"133",14,"belt","English","cinturón",6.44094654063292
"133",15,"barbecue","English","asador",6.65157187358973
"133",16,"arm","English","brazo",6.65027904858742
"133",17,"vacuum","English","aspiradora",6.72623340235875
"133",19,"bed","English","cama",6.44571981938558
"133",21,"bandaid","English","curita",6.63594655568665
"133",22,"bowl","English","plato",6.38687931936265
"133",23,"king","English","rey",6.12249280951439
"133",24,"broom","English","escoba",6.58063913728495
"133",25,"ladder","English","escalera",6.52209279817015
"133",29,"ear","English","oreja",6.41999492814714
"133",30,"dog","English","perro",6.4723462945009
"133",31,"lightswitch","English","apagador",6.24610676548156
"133",32,"nose","English","naríz",6.53233429222235
"133",34,"carrot","English","zanahoria",6.26530121273771
"133",35,"well","English","pozo",6.57228254269401
"133",36,"airplane","English","avión",6.6682282484174
"133",37,"bone","English","hueso",6.3261494731551
"133",40,"bear","English","oso",6.36818718635049
"133",42,"basket","English","canasta",6.47850964220857
"133",44,"beard","English","barba",6.65027904858742
"133",46,"house","English","casa",6.62671774924902
"133",49,"bell","English","campana",6.3750248198281
"133",50,"railroadtracks","English","vías",6.7990558620588
"133",52,"turkey","English","pavo",6.37672694789863
"133",54,"apple","English","manzana",6.3919171133926
"133",55,"moon","English","luna",6.32076829425058
"133",57,"woman","English","mujer",6.54821910276237
"133",59,"knife","English","cuchillo",6.60934924316738
"133",60,"safe","English","caja fuerte",6.93244789157251
"133",61,"mailbox","English","buzón",6.89972310728487
"133",62,"helmet","English","casco",6.52356230614951
"133",63,"mixer","English","batidora",6.67329796776765
"133",64,"glove","English","güante",6.47543271670409
"133",65,"wolf","English","lobo",6.99576615630485
"133",66,"sewing machine","English","máquina de coser",6.67959918584438
"133",68,"pencil","English","lápiz",6.31716468674728
"133",70,"unicycle","English","monociclo",6.62007320653036
"133",71,"heart","English","corazón",6.36818718635049
"133",72,"tree","English","árbol",6.34738920965601
"133",73,"thumb","English","dedo",6.40191719672719
"134",1,"tree","English","árbol",6.14846829591765
"134",2,"nose","English","naríz",6.29710931993394
"134",5,"wagon","English","carrito",6.46614472423762
"134",6,"bed","English","cama",6.28599809450886
"134",7,"knife","English","cuchillo",6.56385552653213
"134",9,"bowl","English","plato",6.45519856334012
"134",11,"plug","English","enchufe",7.14991683613211
"134",13,"moon","English","luna",7.00124562206948
"134",14,"bandaid","English","curita",6.56526497003536
"134",15,"vacuum","English","aspiradora",6.57088296233958
"134",16,"pencil","English","lápiz",6.47697236288968
"134",17,"woman","English","mujer",6.75343791859778
"134",18,"safe","English","caja fuerte",6.63331843328038
"134",20,"wolf","English","lobo",6.60800062529609
"134",23,"broom","English","escoba",6.49072353450251
"134",25,"shoe","English","zapato",6.40191719672719
"134",26,"mailbox","English","buzón",6.72142570079064
"134",29,"beard","English","barba",6.61204103483309
"134",31,"ear","English","oreja",6.45204895443723
"134",32,"backpack","English","mochila",6.39024066706535
"134",34,"king","English","rey",6.93147180559945
"134",35,"dresser","English","buró",7.02642680869964
"134",36,"arm","English","brazo",6.50578406012823
"134",38,"well","English","pozo",6.60800062529609
"134",40,"heart","English","corazón",7.00215595440362
"134",42,"belt","English","cinturón",6.36647044773144
"134",43,"apple","English","manzana",6.87005341179813
"134",44,"thumb","English","dedo",6.48920493132532
"134",45,"lightswitch","English","apagador",6.90675477864855
"134",46,"basket","English","canasta",6.47543271670409
"134",47,"mixer","English","batidora",6.64248680136726
"134",49,"railroadtracks","English","vías",7.13169851046691
"134",50,"sewing machine","English","máquina de coser",6.76619171466035
"134",52,"turkey","English","pavo",6.90173720665657
"134",53,"whale","English","ballena",6.61472560020376
"134",54,"dog","English","perro",6.06145691892802
"134",55,"bell","English","campana",6.31535800152233
"134",57,"house","English","casa",6.85224256905188
"134",58,"flag","English","bandera",6.88141130364254
"134",60,"church","English","iglesia",7.16394668434255
"134",61,"ladder","English","escalera",6.73815249459596
"134",62,"airplane","English","avión",6.89365635460264
"134",63,"barbecue","English","asador",6.87212810133899
"134",64,"glove","English","güante",6.43133108193348
"134",66,"unicycle","English","monociclo",6.6945620585211
"134",72,"bear","English","oso",6.44888939414686
"134",73,"carrot","English","zanahoria",6.87523208727658
"134",75,"bone","English","hueso",6.45990445437753
"135",2,"ladder","English","escalera",7.09257371597468
"135",3,"broom","English","escoba",6.73221070646721
"135",10,"nose","English","naríz",6.5510803350434
"135",11,"king","English","rey",7.01391547481053
"135",13,"bell","English","campana",6.80682936039218
"135",15,"church","English","iglesia",6.85224256905188
"135",16,"dog","English","perro",6.58617165485467
"135",17,"bandaid","English","curita",6.64118216974059
"135",18,"bed","English","cama",6.5410299991899
"135",19,"lightswitch","English","apagador",6.91671502035361
"135",20,"basket","English","canasta",6.74875954749168
"135",22,"tree","English","árbol",6.59441345974978
"135",23,"bone","English","hueso",6.44094654063292
"135",25,"safetypin","English","seguro",7.06731984865348
"135",26,"airplane","English","avión",6.56807791141198
"135",27,"bowl","English","plato",6.5792512120101
"135",28,"arm","English","brazo",6.58340922215876
"135",30,"wolf","English","lobo",6.72503364216684
"135",31,"plug","English","enchufe",6.71417052990947
"135",33,"railroadtracks","English","vías",6.87212810133899
"135",34,"well","English","pozo",6.63856778916652
"135",36,"helmet","English","casco",6.5410299991899
"135",39,"belt","English","cinturón",6.62804137617953
"135",40,"flag","English","bandera",6.74051935960622
"135",42,"knife","English","cuchillo",6.70686233660275
"135",44,"carrot","English","zanahoria",6.60394382460047
"135",45,"safe","English","caja fuerte",6.76619171466035
"135",46,"barbecue","English","asador",6.5792512120101
"135",51,"glove","English","güante",6.70686233660275
"135",53,"thumb","English","dedo",6.68461172766793
"135",54,"vacuum","English","aspiradora",6.80793494369993
"135",55,"moon","English","luna",6.93244789157251
"135",57,"ear","English","oreja",6.52502965784346
"135",58,"woman","English","mujer",6.59441345974978
"135",59,"shoe","English","zapato",6.75110146893676
"135",62,"turkey","English","pavo",6.5875500148248
"135",63,"backpack","English","mochila",6.56807791141198
"135",64,"wagon","English","carrito",6.78105762593618
"135",67,"pencil","English","lápiz",6.36818718635049
"135",68,"house","English","casa",6.29156913955832
"135",70,"bear","English","oso",6.47543271670409
"135",71,"heart","English","corazón",6.42324696353352
"135",72,"whale","English","ballena",6.50428817353665
"135",73,"sewing machine","English","máquina de coser",7.15461535691366
"135",74,"unicycle","English","monociclo",6.7286286130847
"135",75,"apple","English","manzana",6.31896811374643
"136",3,"woman","English","mujer",6.59304453414244
"136",5,"heart","English","corazón",6.59987049921284
"136",7,"bed","English","cama",6.57368016696065
"136",8,"plug","English","enchufe",7.10906213568717
"136",9,"church","English","iglesia",6.72142570079064
"136",10,"dresser","English","buró",6.81783057145415
"136",11,"moon","English","luna",7.16780918431644
"136",13,"helmet","English","casco",6.74875954749168
"136",14,"house","English","casa",6.98193467715639
"136",18,"bell","English","campana",6.76388490856244
"136",19,"whale","English","ballena",6.76041469108343
"136",22,"ladder","English","escalera",6.84054652928869
"136",24,"airplane","English","avión",6.98007594056176
"136",25,"bowl","English","plato",6.55677835615804
"136",26,"bear","English","oso",6.64118216974059
"136",27,"lightswitch","English","apagador",6.89972310728487
"136",29,"wolf","English","lobo",6.98378996525813
"136",30,"knife","English","cuchillo",6.87523208727658
"136",31,"sewing machine","English","máquina de coser",6.70073110954781
"136",33,"safe","English","caja fuerte",6.62273632394984
"136",36,"flag","English","bandera",6.88346258641309
"136",37,"bandaid","English","curita",6.62406522779989
"136",39,"turkey","English","pavo",6.84906628263346
"136",40,"glove","English","güante",6.51174532964473
"136",41,"beard","English","barba",6.98841318199959
"136",42,"pencil","English","lápiz",6.4707995037826
"136",43,"belt","English","cinturón",6.61740297797448
"136",44,"arm","English","brazo",6.72743172485086
"136",45,"ear","English","oreja",6.85118492749374
"136",46,"well","English","pozo",6.70686233660275
"136",47,"thumb","English","dedo",7.10906213568717
"136",49,"dog","English","perro",6.69084227741856
"136",51,"king","English","rey",7.44483327389219
"136",52,"bone","English","hueso",6.63987583382654
"136",53,"tree","English","árbol",6.44413125670044
"136",54,"shoe","English","zapato",6.37331978957701
"136",55,"carrot","English","zanahoria",6.41836493593621
"136",56,"barbecue","English","asador",6.88857245956536
"136",60,"broom","English","escoba",7.13089883029635
"136",61,"apple","English","manzana",6.4831073514572
"136",62,"vacuum","English","aspiradora",6.86797440897029
"136",64,"nose","English","naríz",6.62936325343745
"136",65,"unicycle","English","monociclo",6.63594655568665
"136",67,"mailbox","English","buzón",7.1693500166706
"136",70,"wagon","English","carrito",6.90775527898214
"136",71,"backpack","English","mochila",6.7286286130847
"136",73,"safetypin","English","seguro",6.67203294546107
"136",74,"basket","English","canasta",7.00124562206948
"137",1,"king","English","rey",6.88755257166462
"137",2,"nose","English","naríz",6.4831073514572
"137",3,"mixer","English","batidora",6.90575327631146
"137",6,"moon","English","luna",7.79729127354747
"137",7,"backpack","English","mochila",7.02908756414966
"137",12,"sewing machine","English","máquina de coser",7.41155628781116
"137",13,"well","English","pozo",7.73848812249465
"137",16,"carrot","English","zanahoria",6.97447891102505
"137",17,"barbecue","English","asador",6.92657703322272
"137",18,"beard","English","barba",6.76272950693188
"137",19,"bell","English","campana",6.67076632084587
"137",20,"arm","English","brazo",7.01481435127554
"137",21,"tree","English","árbol",6.71901315438526
"137",23,"ear","English","oreja",7.74283595543075
"137",24,"whale","English","ballena",6.74051935960622
"137",25,"dresser","English","buró",7.49776170062257
"137",26,"lightswitch","English","apagador",8.28349412616251
"137",31,"dog","English","perro",8.27129265297941
"137",32,"basket","English","canasta",7.17548971362422
"137",33,"safetypin","English","seguro",7.11314210870709
"137",36,"safe","English","caja fuerte",6.99025650049388
"137",37,"wagon","English","carrito",7.60936653795421
"137",38,"woman","English","mujer",7.64587582518481
"137",39,"bowl","English","plato",6.83840520084734
"137",40,"house","English","casa",6.65544035036765
"137",41,"bed","English","cama",6.65672652417839
"137",42,"belt","English","cinturón",6.75693238924755
"137",43,"flag","English","bandera",6.67076632084587
"137",44,"heart","English","corazón",6.77764659363512
"137",45,"helmet","English","casco",6.73459165997295
"137",48,"unicycle","English","monociclo",7.41997992366183
"137",51,"bear","English","oso",8.10711747075039
"137",52,"wolf","English","lobo",6.88857245956536
"137",53,"glove","English","güante",6.8501261661455
"137",54,"pencil","English","lápiz",6.82110747225646
"137",56,"ladder","English","escalera",8.09162741160107
"137",57,"mailbox","English","buzón",7.45066079621154
"137",58,"shoe","English","zapato",7.1074254741107
"137",60,"plug","English","enchufe",7.24636808010246
"137",61,"turkey","English","pavo",7.26473017792987
"137",63,"bone","English","hueso",7.14913159855741
"137",65,"church","English","iglesia",7.02997291170639
"137",67,"apple","English","manzana",7.16006920759613
"137",69,"knife","English","cuchillo",7.17625453201714
"137",74,"thumb","English","dedo",6.64118216974059
"137",75,"bandaid","English","curita",6.68835471394676
"138",1,"unicycle","English","monociclo",6.93244789157251
"138",2,"mailbox","English","buzón",7.11558212618445
"138",4,"apple","English","manzana",6.82654522355659
"138",5,"heart","English","corazón",6.60123011872888
"138",7,"shoe","English","zapato",6.81124437860129
"138",8,"airplane","English","avión",7.38336814699238
"138",9,"well","English","pozo",6.88141130364254
"138",10,"safetypin","English","seguro",7.56008046502183
"138",13,"thumb","English","dedo",6.72623340235875
"138",14,"ladder","English","escalera",6.91373735065968
"138",15,"dog","English","perro",6.81454289725996
"138",17,"king","English","rey",6.93342302573071
"138",18,"backpack","English","mochila",6.88141130364254
"138",19,"mixer","English","batidora",6.96885037834195
"138",20,"bear","English","oso",7.43425738213314
"138",21,"knife","English","cuchillo",7.03174125876313
"138",23,"house","English","casa",6.61204103483309
"138",24,"vacuum","English","aspiradora",6.79570577517351
"138",25,"glove","English","güante",6.87523208727658
"138",27,"turkey","English","pavo",6.82437367004309
"138",28,"bell","English","campana",6.82001636467413
"138",29,"woman","English","mujer",6.85329909318608
"138",31,"lightswitch","English","apagador",6.89264164117209
"138",32,"ear","English","oreja",7.11882624906208
"138",34,"bone","English","hueso",6.84906628263346
"138",35,"safe","English","caja fuerte",7.09589322109753
"138",39,"barbecue","English","asador",6.73815249459596
"138",44,"church","English","iglesia",7.25417784645652
"138",47,"wagon","English","carrito",6.89568269774787
"138",48,"dresser","English","buró",7.27309259599952
"138",50,"whale","English","ballena",6.92951677076365
"138",51,"bandaid","English","curita",7.00488198971286
"138",52,"tree","English","árbol",6.88857245956536
"138",55,"carrot","English","zanahoria",6.94312242281943
"138",56,"sewing machine","English","máquina de coser",7.25770767716004
"138",60,"arm","English","brazo",7.71020519443253
"138",61,"broom","English","escoba",6.87419849545329
"138",62,"helmet","English","casco",6.72262979485545
"138",63,"wolf","English","lobo",7.00397413672268
"138",64,"moon","English","luna",6.84374994900622
"138",68,"belt","English","cinturón",7.03702761468628
"138",70,"nose","English","naríz",7.22256601882217
"138",72,"bed","English","cama",6.64118216974059
"138",73,"flag","English","bandera",6.71901315438526
"138",74,"pencil","English","lápiz",6.74051935960622
"139",1,"mailbox","English","buzón",7.5234813125735
"139",2,"railroadtracks","English","vías",6.82437367004309
"139",3,"apple","English","manzana",6.87316383421252
"139",5,"safetypin","English","seguro",7.38025578842646
"139",7,"carrot","English","zanahoria",7.1770187659099
"139",8,"vacuum","English","aspiradora",6.71417052990947
"139",9,"whale","English","ballena",6.71174039505618
"139",10,"shoe","English","zapato",7.31188616407716
"139",14,"king","English","rey",6.5366915975913
"139",15,"well","English","pozo",6.87109129461055
"139",16,"basket","English","canasta",7.17395831975679
"139",19,"ear","English","oreja",6.61873898351722
"139",20,"dog","English","perro",6.93439720992856
"139",21,"flag","English","bandera",6.8001700683022
"139",22,"helmet","English","casco",6.74051935960622
"139",23,"lightswitch","English","apagador",6.84268328223842
"139",24,"moon","English","luna",7.11069612297883
"139",26,"barbecue","English","asador",6.90875477931522
"139",27,"church","English","iglesia",6.62936325343745
"139",28,"wolf","English","lobo",6.82219739062049
"139",30,"sewing machine","English","máquina de coser",6.87832646829133
"139",32,"plug","English","enchufe",7.38956395367764
"139",34,"house","English","casa",6.78219205600679
"139",35,"pencil","English","lápiz",6.3818160174061
"139",36,"tree","English","árbol",6.44413125670044
"139",37,"turkey","English","pavo",7.38709023565676
"139",38,"nose","English","naríz",6.49223983502047
"139",39,"beard","English","barba",6.52356230614951
"139",42,"mixer","English","batidora",7.43720636687129
"139",43,"bowl","English","plato",6.97914527506881
"139",45,"dresser","English","buró",6.73459165997295
"139",47,"heart","English","corazón",6.30627528694802
"139",49,"backpack","English","mochila",7.07411681619736
"139",51,"unicycle","English","monociclo",7.77233157516961
"139",52,"glove","English","güante",7.56527528189893
"139",54,"woman","English","mujer",6.93537044601511
"139",55,"bandaid","English","curita",7.66340766489348
"139",56,"bed","English","cama",7.05531284333975
"139",57,"ladder","English","escalera",6.69084227741856
"139",58,"bell","English","campana",6.6945620585211
"139",60,"bone","English","hueso",6.82110747225646
"139",62,"broom","English","escoba",6.90975328164481
"139",64,"knife","English","cuchillo",7.11476944836646
"139",66,"bear","English","oso",7.08590146436561
"139",67,"safe","English","caja fuerte",6.74170069465205
"139",70,"arm","English","brazo",6.5410299991899
"139",73,"belt","English","cinturón",6.80239476332431
"140",4,"mailbox","English","buzón",6.53813982376767
"140",5,"ear","English","oreja",7.02197642307216
"140",6,"knife","English","cuchillo",6.8134445995109
"140",7,"turkey","English","pavo",7.36454701425564
"140",8,"king","English","rey",6.65544035036765
"140",9,"broom","English","escoba",6.39859493453521
"140",10,"church","English","iglesia",6.83195356556585
"140",11,"safetypin","English","seguro",6.85435450225502
"140",12,"woman","English","mujer",7.82883452758809
"140",13,"carrot","English","zanahoria",6.57507584059962
"140",14,"arm","English","brazo",6.57228254269401
"140",15,"railroadtracks","English","vías",7.95962530509811
"140",17,"bed","English","cama",6.83840520084734
"140",20,"bell","English","campana",7.04053639021596
"140",23,"sewing machine","English","máquina de coser",7.40184157874383
"140",28,"wolf","English","lobo",6.88550967003482
"140",32,"moon","English","luna",7.27447955877387
"140",34,"heart","English","corazón",7.6434829070772
"140",36,"ladder","English","escalera",6.85751406254539
"140",37,"safe","English","caja fuerte",7.00124562206948
"140",39,"bear","English","oso",7.46336304552002
"140",42,"basket","English","canasta",7.15851399732932
"140",43,"beard","English","barba",7.32118855673948
"140",44,"airplane","English","avión",6.82328612235569
"140",48,"lightswitch","English","apagador",7.028201432058
"140",49,"bandaid","English","curita",6.60800062529609
"140",50,"unicycle","English","monociclo",7.0352685992811
"140",51,"flag","English","bandera",6.86484777797086
"140",52,"apple","English","manzana",6.42486902390539
"140",53,"backpack","English","mochila",7.15148546390474
"140",54,"bowl","English","plato",6.73221070646721
"140",56,"dresser","English","buró",6.83733281468559
"140",57,"barbecue","English","asador",7.14834574390007
"140",58,"pencil","English","lápiz",6.47543271670409
"140",60,"whale","English","ballena",7.50163445788341
"140",61,"house","English","casa",6.70196036600254
"140",62,"glove","English","güante",6.98471632011827
"140",63,"nose","English","naríz",6.57646956904822
"140",64,"bone","English","hueso",6.69208374250663
"140",66,"dog","English","perro",6.63200177739563
"140",67,"vacuum","English","aspiradora",7.0647590277918
"140",69,"helmet","English","casco",6.84374994900622
"140",70,"belt","English","cinturón",6.49223983502047
"140",71,"thumb","English","dedo",6.73340189183736
"140",73,"wagon","English","carrito",6.68835471394676
"140",74,"tree","English","árbol",6.78219205600679
"140",75,"well","English","pozo",6.82328612235569
"141",1,"church","English","iglesia",7.26262860097424
"141",2,"backpack","English","mochila",6.70441435496411
"141",4,"plug","English","enchufe",6.62273632394984
"141",7,"house","English","casa",7.10085190894405
"141",9,"wolf","English","lobo",7.36264527041782
"141",10,"ladder","English","escalera",6.7093043402583
"141",15,"tree","English","árbol",6.69950034016168
"141",16,"vacuum","English","aspiradora",6.46614472423762
"141",17,"moon","English","luna",7.0475172213573
"141",18,"safe","English","caja fuerte",7.40853056689463
"141",21,"thumb","English","dedo",6.85751406254539
"141",25,"airplane","English","avión",6.4377516497364
"141",26,"knife","English","cuchillo",6.74405918631135
"141",28,"whale","English","ballena",6.80128303447162
"141",30,"railroadtracks","English","vías",7.72929567431048
"141",31,"barbecue","English","asador",7.69302574841789
"141",37,"bed","English","cama",6.75460409948796
"141",38,"shoe","English","zapato",6.84161547647759
"141",40,"heart","English","corazón",6.4707995037826
"141",41,"turkey","English","pavo",6.59714570188665
"141",42,"sewing machine","English","máquina de coser",7.37588214821501
"141",44,"carrot","English","zanahoria",6.73221070646721
"141",47,"bell","English","campana",6.60123011872888
"141",49,"bandaid","English","curita",6.69084227741856
"141",50,"helmet","English","casco",6.83947643822884
"141",51,"bone","English","hueso",6.67203294546107
"141",52,"bear","English","oso",7.33498187887181
"141",53,"dresser","English","buró",7.23417717974985
"141",54,"glove","English","güante",6.75343791859778
"141",57,"arm","English","brazo",7.28892769452126
"141",58,"nose","English","naríz",6.92951677076365
"141",59,"king","English","rey",6.86380339145295
"141",60,"mixer","English","batidora",7.24992553671799
"141",61,"mailbox","English","buzón",8.01961279440027
"141",63,"dog","English","perro",7.73892375743946
"141",66,"pencil","English","lápiz",6.56385552653213
"141",67,"belt","English","cinturón",6.75693238924755
"141",68,"apple","English","manzana",6.86589107488344
"141",69,"basket","English","canasta",7.51261754467451
"141",71,"broom","English","escoba",6.9037472575846
"141",73,"flag","English","bandera",6.65415252018322
"142",2,"house","English","casa",6.72142570079064
"142",4,"woman","English","mujer",6.75343791859778
"142",6,"moon","English","luna",6.79122146272619
"142",7,"bone","English","hueso",7.01929665371504
"142",19,"basket","English","canasta",7.29369772060144
"142",20,"knife","English","cuchillo",6.64509096950564
"142",22,"bear","English","oso",7.57967882309046
"142",24,"whale","English","ballena",7.15305163493748
"142",25,"shoe","English","zapato",7.77233157516961
"142",26,"king","English","rey",6.97073007814353
"142",27,"apple","English","manzana",6.73340189183736
"142",29,"lightswitch","English","apagador",7.56060116276856
"142",30,"backpack","English","mochila",7.11069612297883
"142",31,"bandaid","English","curita",6.52209279817015
"142",34,"broom","English","escoba",6.64378973314767
"142",35,"helmet","English","casco",6.36475075685191
"142",36,"well","English","pozo",6.80682936039218
"142",37,"ear","English","oreja",6.69332366826995
"142",38,"barbecue","English","asador",6.85751406254539
"142",39,"carrot","English","zanahoria",7.06561336359772
"142",40,"flag","English","bandera",6.66695679242921
"142",41,"unicycle","English","monociclo",6.76157276880406
"142",42,"bell","English","campana",6.51025834052315
"142",43,"belt","English","cinturón",6.72503364216684
"142",44,"railroadtracks","English","vías",7.65775527113487
"142",46,"turkey","English","pavo",6.93925394604151
"142",47,"arm","English","brazo",6.96885037834195
"142",48,"ladder","English","escalera",7.68524360797583
"142",52,"airplane","English","avión",6.9177056098353
"142",53,"safe","English","caja fuerte",6.99025650049388
"142",54,"mixer","English","batidora",6.86901445066571
"142",55,"thumb","English","dedo",6.88448665204278
"142",56,"sewing machine","English","máquina de coser",6.96413561241824
"142",58,"beard","English","barba",6.70073110954781
"142",59,"heart","English","corazón",6.75343791859778
"142",60,"pencil","English","lápiz",7.08170858610557
"142",63,"glove","English","güante",6.87523208727658
"142",65,"bed","English","cama",7.09506437728713
"142",66,"church","English","iglesia",6.85540879860993
"142",67,"bowl","English","plato",7.2086003379602
"142",68,"dresser","English","buró",7.13886699994552
"142",69,"wolf","English","lobo",7.21890970761906
"142",70,"safetypin","English","seguro",7.14124512235049
"142",72,"dog","English","perro",6.93342302573071
"142",73,"tree","English","árbol",6.57088296233958
"142",74,"nose","English","naríz",6.58202513889283
"142",75,"mailbox","English","buzón",6.92264389147589
"143",3,"belt","English","cinturón",6.68085467879022
"143",5,"glove","English","güante",6.74641212857337
"143",6,"carrot","English","zanahoria",6.9037472575846
"143",7,"basket","English","canasta",6.96129604591017
"143",11,"railroadtracks","English","vías",6.8330317327862
"143",13,"plug","English","enchufe",7.05098944706805
"143",14,"nose","English","naríz",6.77078942390898
"143",17,"thumb","English","dedo",6.77536609093639
"143",19,"dresser","English","buró",7.41758040241454
"143",20,"wolf","English","lobo",7.39572160860205
"143",21,"vacuum","English","aspiradora",7.08086789669078
"143",22,"safetypin","English","seguro",7.4593388952203
"143",23,"bowl","English","plato",6.93634273583405
"143",24,"arm","English","brazo",6.84694313958538
"143",25,"dog","English","perro",6.81234509417748
"143",28,"flag","English","bandera",6.86171134048073
"143",29,"apple","English","manzana",6.83087423464618
"143",30,"whale","English","ballena",6.90173720665657
"143",31,"bone","English","hueso",6.95939851213398
"143",32,"mailbox","English","buzón",6.89770494312864
"143",34,"barbecue","English","asador",6.97260625130175
"143",36,"airplane","English","avión",7.1693500166706
"143",38,"sewing machine","English","máquina de coser",6.9177056098353
"143",42,"shoe","English","zapato",7.56320059235807
"143",44,"well","English","pozo",6.65929391968364
"143",45,"beard","English","barba",6.67834211465433
"143",46,"woman","English","mujer",6.93147180559945
"143",49,"wagon","English","carrito",7.0184017990692
"143",50,"king","English","rey",7.29165620917446
"143",53,"broom","English","escoba",7.06304816338817
"143",54,"ladder","English","escalera",6.85646198459459
"143",56,"pencil","English","lápiz",6.98100574072173
"143",57,"church","English","iglesia",7.3132203870903
"143",58,"house","English","casa",7.11232744471091
"143",59,"ear","English","oreja",6.88857245956536
"143",60,"bed","English","cama",6.69084227741856
"143",61,"lightswitch","English","apagador",6.48463523563525
"143",62,"helmet","English","casco",6.84054652928869
"143",67,"bear","English","oso",7.37023064180708
"143",70,"bell","English","campana",7.22183582528845
"143",71,"turkey","English","pavo",6.88243747099785
"143",72,"tree","English","árbol",7.01031186730723
"143",73,"bandaid","English","curita",6.65672652417839
"143",74,"backpack","English","mochila",6.68586094706836
"143",75,"heart","English","corazón",6.78671695060508
"144",1,"backpack","English","mochila",6.84800527457636
"144",3,"ear","English","oreja",6.94408720822953
"144",4,"thumb","English","dedo",6.81563999007433
"144",5,"king","English","rey",7.7873820264847
"144",6,"bear","English","oso",7.30720231476474
"144",7,"bowl","English","plato",7.67832635650689
"144",8,"well","English","pozo",7.29776828253138
"144",10,"bone","English","hueso",6.97541392745595
"144",13,"dresser","English","buró",7.40488757561612
"144",15,"glove","English","güante",6.93439720992856
"144",17,"mixer","English","batidora",6.95463886488099
"144",20,"turkey","English","pavo",6.91274282049318
"144",22,"nose","English","naríz",6.85435450225502
"144",23,"house","English","casa",7.2283884515736
"144",24,"wagon","English","carrito",6.91473089271856
"144",25,"airplane","English","avión",6.86380339145295
"144",27,"mailbox","English","buzón",7.97522083865341
"144",28,"ladder","English","escalera",6.83840520084734
"144",29,"safe","English","caja fuerte",7.20266119652324
"144",30,"basket","English","canasta",7.25205395185281
"144",31,"vacuum","English","aspiradora",6.98749024700099
"144",32,"helmet","English","casco",7.00215595440362
"144",33,"moon","English","luna",7.41577697541539
"144",34,"tree","English","árbol",6.77650699237218
"144",35,"broom","English","escoba",6.75925527066369
"144",36,"heart","English","corazón",7.05789793741186
"144",37,"flag","English","bandera",6.93925394604151
"144",39,"wolf","English","lobo",6.97260625130175
"144",40,"safetypin","English","seguro",7.19518732017871
"144",41,"bell","English","campana",6.97634807044775
"144",42,"apple","English","manzana",7.01660968389422
"144",43,"bed","English","cama",6.87626461189077
"144",46,"unicycle","English","monociclo",6.97073007814353
"144",52,"dog","English","perro",6.8596149036542
"144",53,"lightswitch","English","apagador",7.78696700261487
"144",54,"carrot","English","zanahoria",7.12608727329912
"144",56,"railroadtracks","English","vías",7.12929754892937
"144",57,"knife","English","cuchillo",6.95463886488099
"144",61,"shoe","English","zapato",7.06731984865348
"144",62,"pencil","English","lápiz",6.99668148817654
"144",63,"sewing machine","English","máquina de coser",7.07834157955767
"144",64,"bandaid","English","curita",7.00397413672268
"144",65,"plug","English","enchufe",8.14554963178358
"144",66,"church","English","iglesia",7.14045304310116
"144",68,"whale","English","ballena",6.85751406254539
"144",69,"barbecue","English","asador",6.87212810133899
"144",71,"woman","English","mujer",7.04925484125584
"144",72,"arm","English","brazo",6.97447891102505
